"Company Name",Address,Website,"Contact Nos.",State
"Sayenko Design","1424 148th Avenue Southeast, Bellevue",http://www.sayenkodesign.com/,"(425) 445-7111",Washington
"Miso Web Design","11410 Northeast 124th Street, Kirkland",http://www.misowebdesign.com/,"(800) 986-0124",Washington
"Lisabee Web Design","6305 Northeast 87th Avenue, Vancouver",http://www.lisabee.com/,"(360) 326-3205",Washington
"Analogue Web Design, LLC","6910 California Avenue Southwest #41, Seattle",http://www.analogueweb.com/,"(206) 938-7788",Washington
Metova,"11415 Slater Avenue Northeast #101, Kirkland",https://www.clocktowermedia.com/,"(425) 458-4580",Washington
"ES Interactive","16541 Redmond Way #453c, Redmond",http://www.es-interactive.com/,"(425) 502-5340",Washington
"Intra-Designs Inc","2011 106th Street South, Tacoma",http://www.intra-designs.com/,"(253) 445-5777",Washington
"Spiderlily Web Design","21606 Owl Creek Place Northeast, Poulsbo",http://spiderlilyweb.com/,"(360) 598-4867",Washington
"Jordan Crown","2828 Rockefeller Ave,, Everett",http://www.jordancrown.com/,"(425) 268-2718",Washington
"efelle creative","1011 Western Avenue #706, Seattle",http://www.efelle.com/,"(206) 384-4909",Washington
"Visualscope LLC","1 Lake Bellevue Drive #208, Bellevue",http://www.visualscope.com/,"(206) 202-9580",Washington
"Premium Websites, LLC","2712 Northeast 97th Avenue, Vancouver",http://premiumwebsites.net,"(360) 607-4767",Washington
Bizango,"3301 Burke Avenue North #360, Seattle",http://www.bizango.com/,"(206) 462-4020",Washington
"Northwest Web Design","10606 Southeast 325th Place, Auburn",http://www.nwwebdesign.com/,"(253) 351-8929",Washington
"Dragonwyck Web Design LLC","4901 Point Fosdick Drive Northwest, Gig Harbor",http://www.dragonwyck.net/,"(253) 380-4100",Washington
"Ed Web Design","7627 196th Street Southwest #202, Lynnwood",http://www.ed-webdesigns.com,"(425) 608-0099",Washington
"Zipline Interactive","804 South Monroe Street Suite 200, Spokane",http://www.ziplineinteractive.com/,"(509) 321-2849",Washington
"Northwest Media Collective, Inc Web Design","15640 Northeast Fourth Plain Boulevard #215, Vancouver",http://www.northwestmediacollective.com/,"(360) 342-4050",Washington
"Wilford Design","621 Pacific Avenue #222, Tacoma",http://www.wilforddesign.com/,"(253) 238-1746",Washington
"Ritama Website Design & Development","336 36th Street, Bellingham",http://www.ritamawebdesign.com/,"(206) 271-3194",Washington
"Aviso Media","3015 Everett Avenue, Everett",http://www.avisomedia.com/,"(425) 232-2948",Washington
"Effective Web Solutions","Suite C8 #215, 13215 Southeast Mill Plain Boulevard, Vancouver",http://www.effectivewebsolutions.biz/,"(360) 450-5171",Washington
"FRINGE Digital Marketing Agency","1720 Northeast 64th Avenue, Vancouver",http://fringewebpro.com/,"(503) 766-5993",Washington
"FDG WEB / Florentine Design Group","16404 Smokey Point Boulevard, Arlington",http://www.fdgweb.com/,"(360) 572-0398",Washington
"Sole Graphics","114 West Magnolia Street #303, Bellingham",http://www.solegraphics.com/,"(360) 647-2915",Washington
"Rapidfyre Web Design & Development","1 East Main Street, Walla Walla",http://www.rapidfyre.com/,"(509) 526-5268",Washington
"Bonsai Media Group","2510 Western Avenue #500, Seattle",https://bonsaimediagroup.com/,"(206) 528-2515",Washington
"All Seattle Web Design","5900 4th Avenue South Suite 204, Seattle",http://www.allseattlewd.com/,"(206) 931-2411",Washington
"Sleepy Dog Media Group, LLC","4004 Northeast 4th Street, Renton",http://www.sleepydogmedia.com/,"(425) 577-4186",Washington
"Web Design Lake Tapps | BaraltDesign","2820 211th Avenue East, Bonney Lake",http://www.baraltdesign.com/,"(206) 276-9913",Washington
"Diverse Design","5600 Rainier Avenue South #202, Seattle",http://www.diversedesign.net/,"(206) 686-3400",Washington
"Bombastic Web Design","17700 Northeast 136th Street, Redmond",http://www.bombasticweb.com/,"(206) 601-7909",Washington
"Envision Design Solutions LLC","1004 126th Street Court East, Tacoma",http://www.envisiondesignsolutions.com/,"(253) 973-6095",Washington
"ILocal, Inc.","92 Lenora Street, Seattle",http://www.ilocalonline.com/,"(206) 790-1999",Washington
RoryMartin.com,"3161 Elliott Avenue #101, Seattle",http://www.rorymartin.com/,"(206) 355-0894",Washington
"Web Designs by LAO, LLC","115 3/4 West Main Street, Suite 214, Monroe",http://www.webdesignsbylao.com/,"(360) 282-2642",Washington
"Rainmaker Creative","107 South Cedar Street, Spokane",http://www.therainlab.com/,"(509) 499-3399",Washington
"Yakindo Web Designs, Inc.","#Suite 5, 101 North 58th Avenue, Yakima",http://www.yakindowebdesigns.com/,"(509) 966-1529",Washington
"Olympic Web Design, Inc.","12128 North Division Street #138, Spokane",http://www.olympicwebdesign.com/,"(509) 279-0369",Washington
"Helix Group, LLC","Gig Harbor",http://www.helixgroup.net/,"(253) 238-0690",Washington
"NLH Solutions Website Design","535 Stone Creek Place, Walla Walla",http://www.nlhsolutions.com/,"(509) 240-0996",Washington
"3rd Studio","7000 Scenic Drive, Yakima",http://www.3rdstudio.com/,"(509) 972-1600",Washington
"BrandCraft Media","140 Gage Boulevard #102, Richland",http://www.brandcraftmedia.com/,"(509) 581-1500",Washington
"Curvine Web Solutions","600 108th Avenue Northeast #345, Bellevue",http://www.curvine.com/,"(425) 818-9096",Washington
"Invisible Ink","3601 West Washington Avenue #3, Yakima",http://www.invisibleink.com/,"(509) 654-7770",Washington
"Venbit | Web & Graphic Design","F172, 16212 Bothell Everett Highway, Mill Creek",http://venbit.com/,"(425) 314-1415",Washington
"Blue K","15620 Northeast Woodinville Duvall Place #4, Woodinville",http://www.bluek.com/,"(425) 485-9091",Washington
Softwired,"4152 Meridian Street #105, Bellingham",http://www.softwiredweb.com/,"(360) 815-1995",Washington
"Sprout Digital","701 West 8th Street, Vancouver",http://sproutdigital.us/,"(360) 735-4472",Washington
"Smart Webs USA","10231 Southeast 237th Street, Kent",http://www.smartwebsusa.com/,"(206) 371-4447",Washington
"Net Solutions Web Design & Development","2801 Meridian Street #201, Bellingham",http://www.netsolutionsna.com/,"(360) 738-8188",Washington
"Data Imagery","602 North State Street, Tacoma",http://www.data-imagery.com/,"(253) 461-1112",Washington
"Roadside Dental Marketing","1620 Grove Street, Marysville",https://www.roadsidedentalmarketing.com/,"(360) 658-2626",Washington
"Image Department","18501 Southeast Newport Way, Issaquah",http://www.theimagedepartment.com/,"(425) 260-5456",Washington
Bigfin.com,"10900 Northeast 4th Street #2300, Bellevue",http://www.bigfin.com/,"(425) 881-0200",Washington
"Cougar Digital Marketing & Design, LLC","4001 Kennedy Road #5, West Richland",http://www.cougardigital.com/,"(509) 491-1146",Washington
"Loris Web Design","1716 Cedar Street, Colfax",http://www.loriswebs.com/,"(509) 397-6000",Washington
Pixelube,"343 North 75th Street, Seattle",http://www.pixelube.com/,"(206) 714-9593",Washington
"New Tech Web","12712 Southeast 223rd Drive, Kent",http://www.newtechweb.com/,"(253) 639-1698",Washington
"Klündt | Hosmer","216 West Pacific Avenue Suite 201, Spokane",http://www.klundthosmer.com/,"(509) 456-5576",Washington
