"Company Name",Address,Website,"Contact Nos.",State
Metova,"11415 Slater Avenue Northeast #101, Kirkland",https://www.clocktowermedia.com/,"(425) 458-4580","Washington "
"Sayenko Design","1424 148th Avenue Southeast, Bellevue",http://www.sayenkodesign.com/,"(425) 445-7111","Washington "
"Lisabee Web Design","6305 Northeast 87th Avenue, Vancouver",http://www.lisabee.com/,"(360) 326-3205","Washington "
"Ed Web Design","7627 196th Street Southwest #202, Lynnwood",http://www.ed-webdesigns.com,"(425) 608-0099","Washington "
"Visualscope LLC","1 Lake Bellevue Drive #208, Bellevue",http://www.visualscope.com/,"(206) 202-9580","Washington "
"Analogue Web Design, LLC","6910 California Avenue Southwest #41, Seattle",http://www.analogueweb.com/,"(206) 938-7788","Washington "
"ES Interactive","16541 Redmond Way #453c, Redmond",http://www.es-interactive.com/,"(425) 502-5340","Washington "
"Rapidfyre Web Design & Development","1 East Main Street, Walla Walla",http://www.rapidfyre.com/,"(509) 526-5268","Washington "
"efelle creative","1011 Western Avenue #706, Seattle",http://www.efelle.com/,"(206) 384-4909","Washington "
"FDG WEB / Florentine Design Group","16404 Smokey Point Boulevard, Arlington",http://www.fdgweb.com/,"(360) 572-0398","Washington "
"Northwest Media Collective, Inc Web Design","15640 Northeast Fourth Plain Boulevard #215, Vancouver",http://www.northwestmediacollective.com/,"(360) 342-4050","Washington "
"Rory Martin Web Design","3161 Elliott Avenue #101, Seattle",http://rorymartin.com/,"(206) 355-0894","Washington "
"WLDworks - Web Design, Marketing & More...","500 106th Avenue Northeast, Bellevue",http://www.wldworks.com/,"(773) 932-9531","Washington "
"Net Solutions Web Design & Development","2801 Meridian Street #201, Bellingham",http://www.netsolutionsna.com/,"(360) 738-8188","Washington "
"Olympic Web Design, Inc.","12128 North Division Street #138, Spokane",http://www.olympicwebdesign.com/,"(509) 279-0369","Washington "
"Bonsai Media Group","2510 Western Avenue #500, Seattle",https://bonsaimediagroup.com/,"(206) 528-2515","Washington "
"Miso Web Design","11410 Northeast 124th Street, Kirkland",http://www.misowebdesign.com/,"(800) 986-0124","Washington "
Gravitate,"1012 Washington Street, Vancouver",http://www.gravitatedesign.com/,"(888) 217-9502","Washington "
"SiteCrafting, Inc.","2716 A Street, Tacoma",http://www.sitecrafting.com/,"(253) 272-2248","Washington "
coolblueweb,"615 2nd Avenue #100, Seattle",http://coolblueweb.com/,"(206) 453-4071","Washington "
"Peter James Web Design Studio","Suites 201, 314 East Holly Street, Bellingham",http://www.peterjameswebdesign.com/,"(360) 733-9377","Washington "
"T O T E R A interactive","Port Townsend",http://www.totera.com/,"(360) 385-0931","Washington "
"Diverse Design","5600 Rainier Avenue South #202, Seattle",http://www.diversedesign.net/,"(206) 686-3400","Washington "
"Northwest Web Design","10606 Southeast 325th Place, Auburn",http://www.nwwebdesign.com/,"(253) 351-8929","Washington "
"IvyCat Web Services","5790 Soundview Drive #103, Gig Harbor",http://www.ivycat.com/,"(800) 861-4004","Washington "
"NLH Solutions Website Design","535 Stone Creek Place, Walla Walla",http://www.nlhsolutions.com/,"(509) 240-0996","Washington "
"Rise of the Web","19023 25th Drive Southeast, Bothell",https://riseofweb.com/,,"Washington "
"Seattle Web Group","7205 5th Avenue Northeast, Seattle",http://www.seattlewebgroup.com/,"(206) 525-7700","Washington "
"Venbit | Web & Graphic Design","F172, 16212 Bothell Everett Highway, Mill Creek",http://venbit.com/,"(425) 314-1415","Washington "
"Say This Say That","607 5th Avenue Southeast, Olympia",http://saythissaythat.com/,"(360) 754-9101","Washington "
Bigfin.com,"801 2nd Avenue #800, Seattle",http://www.bigfin.com/,"(844) 822-8200","Washington "
"Spiderlily Web Design","21606 Owl Creek Place Northeast, Poulsbo",http://spiderlilyweb.com/,"(360) 598-4867","Washington "
"Natural Selection Web Design LLC","5224 61st Drive Northeast, Marysville",http://nswd.co/,"(360) 322-4907","Washington "
"Data Imagery","602 North State Street, Tacoma",http://www.data-imagery.com/,"(253) 461-1112","Washington "
"Intra-Designs Inc","2011 106th Street South, Tacoma",http://www.intra-designs.com/,"(253) 445-5777","Washington "
"Curvine Web Solutions","600 108th Avenue Northeast #345, Bellevue",http://www.curvine.com/,"(425) 818-9096","Washington "
"Dragonwyck Web Design LLC","4901 Point Fosdick Drive Northwest, Gig Harbor",http://www.dragonwyck.net/,"(253) 380-4100","Washington "
"Medical Web Experts","608 State Street South, Kirkland",http://www.medicalwebexperts.com/,"(866) 932-9944","Washington "
Coolbluelogo,"1617 Harbor Avenue Southwest, Seattle",http://coolbluelogo.com/,"(206) 453-4071","Washington "
"Wilford Design","621 Pacific Avenue #222, Tacoma",http://www.wilforddesign.com/,"(253) 238-1746","Washington "
Bizango,"3301 Burke Avenue North #360, Seattle",http://www.bizango.com/,"(206) 462-4020","Washington "
"Effective Web Solutions","Suite C8 #215, 13215 Southeast Mill Plain Boulevard, Vancouver",http://www.effectivewebsolutions.biz/,"(360) 450-5171","Washington "
"Jeff Brock Studio","467 Oak Hill Lane, Burlington",http://www.jeffbrockstudio.com/,"(415) 902-6577","Washington "
"Rapidfyre Web Design & Development","298 South Main Street, Colville",http://www.rapidfyre.com/,"(509) 684-0600","Washington "
"Ritama Website Design & Development","336 36th Street, Bellingham",http://www.ritamawebdesign.com/,"(206) 271-3194","Washington "
"BrandCraft Media","409 East Pioneer #200, Puyallup",http://www.brandcraftmedia.com/,"(253) 875-1400","Washington "
"J Russell Creative","25 North Wenatchee Avenue #207b, Wenatchee",http://www.whoisjrussell.com/,"(509) 888-9876","Washington "
"Helix Group, LLC","Gig Harbor",http://www.helixgroup.net/,"(253) 238-0690","Washington "
"Yakindo Web Designs, Inc.","#Suite 5, 101 North 58th Avenue, Yakima",http://www.yakindowebdesigns.com/,"(509) 966-1529","Washington "
DigitalRage,"17026 431st Avenue Southeast, North Bend",http://www.seattleweb.design/,"(425) 939-0073","Washington "
"Invisible Ink","3601 West Washington Avenue #3, Yakima",http://www.invisibleink.com/,"(509) 654-7770","Washington "
"Sprout Digital","701 West 8th Street, Vancouver",http://sproutdigital.us/,"(360) 735-4472","Washington "
"BTown Web","611 Southwest 153rd Street, Burien",http://www.btownweb.com/,"(206) 419-5107","Washington "
"Big Fresh","2219 Rimland Drive #110, Bellingham",http://bigfresh.com/,"(360) 752-3304","Washington "
"Web Design Lake Tapps | BaraltDesign","2820 211th Avenue East, Bonney Lake",http://www.baraltdesign.com/,"(206) 276-9913","Washington "
Bigfin.com,"10900 Northeast 4th Street #2300, Bellevue",http://www.bigfin.com/,"(425) 881-0200","Washington "
"Web Shui, L.L.C.","200 Winslow Way West #370, Bainbridge Island",http://www.webshui.net/,"(206) 780-8309","Washington "
"Jason Fox","725 115th Street Southwest #201, Everett",http://www.jasonfox.me/,"(425) 243-9560","Washington "
"Murmur Creative - Portland Web Design Agency","1300 Southeast Stark Street #210, Portland",http://murmurcreative.com/,"(971) 254-8662","Washington "
"Versatile Design Studios","8797 West Gage Boulevard, Kennewick",http://www.versatiledesignstudios.com/,"(509) 396-9991","Washington "
Bizango,"3301 Burke Avenue North #360, Seattle",http://www.bizango.com/,"(206) 462-4020","Washington "
"Effective Web Solutions","Suite C8 #215, 13215 Southeast Mill Plain Boulevard, Vancouver",http://www.effectivewebsolutions.biz/,"(360) 450-5171","Washington "
"Jeff Brock Studio","467 Oak Hill Lane, Burlington",http://www.jeffbrockstudio.com/,"(415) 902-6577","Washington "
"Rapidfyre Web Design & Development","298 South Main Street, Colville",http://www.rapidfyre.com/,"(509) 684-0600","Washington "
"Ritama Website Design & Development","336 36th Street, Bellingham",http://www.ritamawebdesign.com/,"(206) 271-3194","Washington "
"BrandCraft Media","409 East Pioneer #200, Puyallup",http://www.brandcraftmedia.com/,"(253) 875-1400","Washington "
"J Russell Creative","25 North Wenatchee Avenue #207b, Wenatchee",http://www.whoisjrussell.com/,"(509) 888-9876","Washington "
"Helix Group, LLC","Gig Harbor",http://www.helixgroup.net/,"(253) 238-0690","Washington "
"Yakindo Web Designs, Inc.","#Suite 5, 101 North 58th Avenue, Yakima",http://www.yakindowebdesigns.com/,"(509) 966-1529","Washington "
DigitalRage,"17026 431st Avenue Southeast, North Bend",http://www.seattleweb.design/,"(425) 939-0073","Washington "
"Invisible Ink","3601 West Washington Avenue #3, Yakima",http://www.invisibleink.com/,"(509) 654-7770","Washington "
"Sprout Digital","701 West 8th Street, Vancouver",http://sproutdigital.us/,"(360) 735-4472","Washington "
"BTown Web","611 Southwest 153rd Street, Burien",http://www.btownweb.com/,"(206) 419-5107","Washington "
"Big Fresh","2219 Rimland Drive #110, Bellingham",http://bigfresh.com/,"(360) 752-3304","Washington "
"Web Design Lake Tapps | BaraltDesign","2820 211th Avenue East, Bonney Lake",http://www.baraltdesign.com/,"(206) 276-9913","Washington "
Bigfin.com,"10900 Northeast 4th Street #2300, Bellevue",http://www.bigfin.com/,"(425) 881-0200","Washington "
"Web Shui, L.L.C.","200 Winslow Way West #370, Bainbridge Island",http://www.webshui.net/,"(206) 780-8309","Washington "
"Jason Fox","725 115th Street Southwest #201, Everett",http://www.jasonfox.me/,"(425) 243-9560","Washington "
"Murmur Creative - Portland Web Design Agency","1300 Southeast Stark Street #210, Portland",http://murmurcreative.com/,"(971) 254-8662","Washington "
"Versatile Design Studios","8797 West Gage Boulevard, Kennewick",http://www.versatiledesignstudios.com/,"(509) 396-9991","Washington "
